Abdul Khan,0078
Adam Logan,0098
Adebola Sanya,0071
Adelaide Drennen,0080
Akeem Adekunle,0203
Alec Sjöholm,0117
Amy Kasprzycki,0140
Anand Bharadwaj,0130
Andrea Hatch,0199
Anne Hopkins,0190
Anuj Shetty,0138
Ather Sharif,0193
Austin Shin,0132
Ayodele Odekunle,0189
Ayotunde Adeyeri,0075
Barbara Van Alen,0141
Barry Keith,0228
Becky Dyer,0012
Ben Schoenbrun,0024
Ben Weaver,0107
Beth Leech,0217
Betsey Wood,0184
Betty Cornelison,0018
Bharath Balakrishnan,0133
Bill Rexhausen,0038
BJ Premore,0191
Brad Whitmarsh,0142
Brent Weil,0214
Brett Haughney,0194
Brian Bowman,0034
Bruce Ward,0043
Cam Lawrence,0146
Carl Durdan,0163
Caroline Polak Scowcroft,0069
Carolyn Atchison,0109
Carson Ip,0096
Cecilia Le,0040
Cedric Lewis,0149
Charles Reinke,0157
Cheryl Melvin,0112
Chloe Fatsis,0083
Chris Canik,0081
Chris Cheng,0159
Chris Lipe,0013
Chris Patrick Morgan,0036
Chris Sjöholm,0088
Chris Tallman,0022
Chris Wiegand,0229
Chris Williams,0210
Christopher Grubb,0023
Conrad Bassett-Bouchard,0003
Cooper Komatsu,0111
Cornelia Guest,0136
Courtney Paley,0110
Dan Blake,0101
Daniel Milton,0057
Dave Wiegand,0010
David Brown,0114
David Eldar,0104
David Webb,0156
David Whitley,0009
Dean Saldanha,0169
Dennis Ikekeregor,0180
Dielle Pinto,0092
Dorcas Alexander,0076
Elise Bickford,0124
Eloy Gardea,0085
Emily Brodeur,0073
Emily Cookson,0128
Emmanuel Egbele,0106
Emmanuel King,0200
Enoch Nwali,0093
Eric Fox,0099
Erickson Smith,0165
Eta Karo,0153
Ethan Joseph,0171
Evan Berofsky,0105
Evans Clinchy,0001
Femi Awowade,0097
Fidelis Olotu,0063
Gary Smart,0087
Geoff Thevenot,0051
George MacAulay,0179
Gerianne Abriano,0121
Greg Harper,0225
Gunther Jacobi,0183
Guy Ingram,0068
Harmony Kuller,0134
Heidi Robertson,0181
Henry Gould,0212
Ifedayo Obisesan,0154
Iliana Filby,0074
Irfan Faroqui,0197
Isaac Lipnick,0168
James Curley,0058
Jane Geary,0100
Jason Keller,0042
Jason Ubeika,0173
Jean-Louis Guill,0218
Jeannie Wilson,0226
Jeffrey Muwarure,0091
Jennifer Clinchy,0002
Jeremy Jeffers,0028
Jeremy Khoo,0095
Jesse Day,0020
Jesse Matthews,0021
Jim Brennan,0119
Jim Kramer,0032
Joe Roberdeau,0090
Joel Wapnick,0082
Joev Dubach,0170
John Karris,0113
John O'Laughlin,0019
Josh Sokol,0084
Joshua Castellano,0025
Judy Romann,0048
Julia Swaney,0161
Justin Morris,0144
Kaia,0077
Kaleb Lybecker,0167
Karl Higby,0216
Kate Fukawa-Connelly,0037
KC Frodyma,0039
Keith Valentine,0125
Kevin Gauthier,0123
Kevin Fraley,0222
Kevin Schutz,0196
Kolton Koehler,0213
Kyle Fellahi,0160
Laurie Cohen,0185
Leslie Charles,0158
Lila Crotty,0187
Lindsay Shin,0116
Lisa Mueller,0030
Lisa Odom,0044
Lola McKissen,0208
Mahboob Khan,0220
Mark Francillon,0008
Mark Kenas,0174
Mark Milan,0102
Mark Peltier,0209
Marlon Prudencio,0126
Martin DeMello,0007
Marty Gold,0064
Mary Pastore,0178
Matt Canik,0198
Matt Zeleznik,0067
Matthew O'Connor,0045
Matthew Tunnicliffe,0127
Maureen Morris,0137
Melissa Routzahn,0052
Mia Yamamoto,0094
Michael Donegan,0145
Michael McKenna,0029
Mike Johnson,0016
Mohammad Sulaiman,0118
Moiz Ullah Baig,0120
Mpakaboari Jack,0152
Nancee Mancel,0147
Nancy Bowen,0115
Nicholas Tam,0139
Niel Gan,0103
Nitya Chagti,0150
Noel Livermore,0079
Noella Ward,0176
Norman Lemoine,0230
Nsikak Etim,0207
Olanma Cheche,0072
Paula Catanese,0202
Peter Armstrong,0011
Peter Dolgenos,0089
Prashant Murti,0086
Priya Fernando,0221
Puneet Sharma,0006
Quinn James,0129
Rachel Grubb,0049
Randi Goldberg,0004
Rasheed Balogun,0014
Richard Buck,0223
Richard Ganguet,0065
Rob Robinsky,0031
Robert Linn,0053
Robin Cole,0224
Robin Levin,0041
Rod Weis,0204
Roger Cullman,0122
Rohaina Tanveer,0205
Ruth Hamilton,0017
Sam Rosin,0055
Sammy Okosagah,0201
Sandy Nang,0066
Scott Appel,0131
Scott Jackson,0005
Solomon Smilack,0215
Sridhar Paidikondala,0148
Stefan Kac,0070
Stefan Rau,0182
Steve Krieger,0108
Steve Pellinen,0015
Tara Hurley,0155
Terry Kang,0061
Theresa Lean,0195
Thomas Reinke,0186
Tijan Jeng,0166
Tim Weiss,0026
Tobey Roland,0164
Tony Boyle,0188
Travis Chaney,0206
Vera Bigall,0135
Wajid Iqbal,0219
Wale Fashina,0177
Walker Willingham,0192
Waseem Khatri,0227
Wellington Jighere,0175
Will Anderson,0059
Winter,0211
Wolfram Poh,0151
Yukiko Loritz,0172
Yvonne Lobo,0162
Zachary Ansell,0143
Zachary Dang,0033
Zbigniew Wieckowski,0050
