Name,Number,Rating
Abdul Khan,78,1225
Adam Logan,98,2089
Adebola Sanya,71,1530
Adelaide Drennen,80,920
Akeem Adekunle,203,1630
Alec Sjöholm,117,2070
Amy Kasprzycki,140,300
Anand Bharadwaj,130,1878
Andrea Hatch,199,1164
Anne Hopkins,190,875
Anuj Shetty,138,1442
Ather Sharif,193,1374
Austin Shin,132,2028
Ayodele Odekunle,189,1338
Ayotunde Adeyeri,75,1621
Barbara Van Alen,141,928
Barry Keith,228,1540
Becky Dyer,12,1687
Ben Schoenbrun,24,1929
Ben Weaver,107,1250
Beth Leech,217,1221
Betsey Wood,184,1092
Betty Cornelison,18,1177
Bharath Balakrishnan,133,1590
Bill Rexhausen,38,1613
BJ Premore,191,1555
Brad Whitmarsh,142,1846
Brent Weil,214,1503
Brett Haughney,194,1942
Brian Bowman,34,1820
Bruce Ward,43,1454
Cam Lawrence,146,748
Carl Durdan,163,1704
Caroline Polak Scowcroft,69,1096
Carolyn Atchison,109,1196
Carson Ip,96,1598
Cecilia Le,40,1614
Cedric Lewis,149,1594
Charles Reinke,157,1872
Cheryl Melvin,112,1128
Chloe Fatsis,83,1784
Chris Canik,81,1670
Chris Cheng,159,1480
Chris Lipe,13,1825
Chris Patrick Morgan,36,1347
Chris Sjöholm,88,1300
Chris Tallman,22,1755
Chris Wiegand,229,880
Chris Williams,210,1849
Christopher Grubb,23,1900
Conrad Bassett-Bouchard,3,1959
Cooper Komatsu,111,1847
Cornelia Guest,136,1217
Courtney Paley,110,948
Dan Blake,101,1395
Daniel Milton,57,1337
Dave Wiegand,10,2060
David Brown,114,1660
David Eldar,104,2085
David Webb,156,1910
David Whitley,9,1781
Dean Saldanha,169,1804
Dennis Ikekeregor,180,1884
Dielle Pinto,92,1682
Dorcas Alexander,76,1410
Elise Bickford,124,1352
Eloy Gardea,85,1639
Emily Brodeur,73,1356
Emily Cookson,128,785
Emmanuel Egbele,106,1588
Emmanuel King,200,1739
Enoch Nwali,93,1946
Eric Fox,99,1619
Erickson Smith,165,1831
Eta Karo,153,1988
Ethan Joseph,171,1449
Evan Berofsky,105,1805
Evans Clinchy,1,1848
Femi Awowade,97,1650
Fidelis Olotu,63,1405
Gary Smart,87,1449
Geoff Thevenot,51,1902
George MacAulay,179,1507
Gerianne Abriano,121,1137
Greg Harper,225,1430
Gunther Jacobi,183,1534
Guy Ingram,68,1297
Harmony Kuller,134,1062
Heidi Robertson,181,1316
Henry Gould,212,742
Ifedayo Obisesan,154,1287
Iliana Filby,74,1109
Irfan Faroqui,197,1280
Isaac Lipnick,168,669
James Curley,58,1559
Jane Geary,100,1317
Jason Keller,42,1954
Jason Ubeika,173,1600
Jean-Louis Guill,218,788
Jeannie Wilson,226,1143
Jeffrey Muwarure,91,734
Jennifer Clinchy,2,1482
Jeremy Jeffers,28,1370
Jeremy Khoo,95,1757
Jesse Day,20,1837
Jesse Matthews,21,1869
Jim Brennan,119,1732
Jim Kramer,32,1960
Joe Roberdeau,90,1263
Joel Wapnick,82,1759
Joev Dubach,170,1125
John Karris,113,1496
John O'Laughlin,19,1788
Josh Sokol,84,1885
Joshua Castellano,25,2004
Judy Romann,48,1337
Julia Swaney,161,1086
Justin Morris,144,1465
Kaia,77,1378
Kaleb Lybecker,167,1030
Karl Higby,216,1696
Kate Fukawa-Connelly,37,1882
KC Frodyma,39,1186
Keith Valentine,125,1308
Kevin Gauthier,123,1312
Kevin Fraley,222,1896
Kevin Schutz,196,1573
Kolton Koehler,213,1977
Kyle Fellahi,160,1483
Laurie Cohen,185,1789
Leslie Charles,158,1631
Lila Crotty,187,1393
Lindsay Shin,116,1344
Lisa Mueller,30,1546
Lisa Odom,44,1860
Lola McKissen,208,1359
Mahboob Khan,220,1133
Mark Francillon,8,1563
Mark Kenas,174,1701
Mark Milan,102,1476
Mark Peltier,209,1362
Marlon Prudencio,126,1981
Martin DeMello,7,1556
Marty Gold,64,1456
Mary Pastore,178,1122
Matt Canik,198,1659
Matt Zeleznik,67,1687
Matthew O'Connor,45,1955
Matthew Tunnicliffe,127,2119
Maureen Morris,137,1172
Melissa Routzahn,52,1407
Mia Yamamoto,94,360
Michael Donegan,145,1123
Michael McKenna,29,1641
Mike Johnson,16,1708
Mohammad Sulaiman,118,1680
Moiz Ullah Baig,120,1706
Mpakaboari Jack,152,1675
Nancee Mancel,147,1189
Nancy Bowen,115,1398
Nicholas Tam,139,1526
Niel Gan,103,1653
Nitya Chagti,150,1379
Noel Livermore,79,1463
Noella Ward,176,1204
Norman Lemoine,230,878
Nsikak Etim,207,1892
Olanma Cheche,72,511
Paula Catanese,202,1313
Peter Armstrong,11,1877
Peter Dolgenos,89,1239
Prashant Murti,86,1353
Priya Fernando,221,1410
Puneet Sharma,6,1716
Quinn James,129,1878
Rachel Grubb,49,1148
Randi Goldberg,4,1333
Rasheed Balogun,14,1803
Richard Buck,223,1562
Richard Ganguet,65,1271
Rob Robinsky,31,1700
Robert Linn,53,1723
Robin Cole,224,929
Robin Levin,41,1290
Rod Weis,204,1219
Roger Cullman,122,1430
Rohaina Tanveer,205,1413
Ruth Hamilton,17,1442
Sam Rosin,55,1875
Sammy Okosagah,201,1970
Sandy Nang,66,1557
Scott Appel,131,1673
Scott Jackson,5,1763
Solomon Smilack,215,603
Sridhar Paidikondala,148,1326
Stefan Kac,70,1490
Stefan Rau,182,1960
Steve Krieger,108,1286
Steve Pellinen,15,1660
Tara Hurley,155,1067
Terry Kang,61,1451
Theresa Lean,195,731
Thomas Reinke,186,2052
Tijan Jeng,166,1340
Tim Weiss,26,1678
Tobey Roland,164,1182
Tony Boyle,188,909
Travis Chaney,206,1642
Vera Bigall,135,1339
Wajid Iqbal,219,1458
Wale Fashina,177,1850
Walker Willingham,192,1380
Waseem Khatri,227,1881
Wellington Jighere,175,2061
Will Anderson,59,1975
Winter,211,1743
Wolfram Poh,151,1712
Yukiko Loritz,172,1600
Yvonne Lobo,162,1444
Zachary Ansell,143,1813
Zachary Dang,33,1338
Zbigniew Wieckowski,50,1411
